Timestamp,UTC,Callsign,Position,Altitude,Speed,Direction
1784004041,2026-07-14T04:40:41Z,SWR8AD,"55.627312,12.640573",0,0,33
1784004066,2026-07-14T04:41:06Z,SWR8AD,"55.627415,12.640335",0,0,33
1784004096,2026-07-14T04:41:36Z,SWR8AD,"55.627213,12.640157",0,4,28
1784004110,2026-07-14T04:41:50Z,SWR8AD,"55.626991,12.639942",0,4,2
1784004123,2026-07-14T04:42:03Z,SWR8AD,"55.626781,12.639899",0,3,309
1784004138,2026-07-14T04:42:18Z,SWR8AD,"55.626698,12.640103",0,0,300
1784004344,2026-07-14T04:45:44Z,SWR8AD,"55.626766,12.639895",0,3,300
1784004352,2026-07-14T04:45:52Z,SWR8AD,"55.626839,12.639685",0,5,303
1784004359,2026-07-14T04:45:59Z,SWR8AD,"55.626957,12.639384",0,6,300
1784004364,2026-07-14T04:46:04Z,SWR8AD,"55.627007,12.639126",0,7,292
1784004369,2026-07-14T04:46:09Z,SWR8AD,"55.62698,12.638847",0,8,267
1784004373,2026-07-14T04:46:13Z,SWR8AD,"55.626869,12.638605",0,8,236
1784004379,2026-07-14T04:46:19Z,SWR8AD,"55.626652,12.638543",0,9,191
1784004385,2026-07-14T04:46:25Z,SWR8AD,"55.626434,12.638762",0,10,146
1784004388,2026-07-14T04:46:28Z,SWR8AD,"55.626362,12.638977",0,10,129
1784004391,2026-07-14T04:46:31Z,SWR8AD,"55.62627,12.639235",0,11,126
1784004394,2026-07-14T04:46:34Z,SWR8AD,"55.626171,12.6395",0,12,123
1784004398,2026-07-14T04:46:38Z,SWR8AD,"55.626057,12.639791",0,13,123
1784004401,2026-07-14T04:46:41Z,SWR8AD,"55.625969,12.640049",0,13,123
1784004403,2026-07-14T04:46:43Z,SWR8AD,"55.625885,12.64027",0,14,123
1784004411,2026-07-14T04:46:51Z,SWR8AD,"55.625622,12.640977",0,15,123
1784004417,2026-07-14T04:46:57Z,SWR8AD,"55.625385,12.641616",0,16,123
1784004425,2026-07-14T04:47:05Z,SWR8AD,"55.625023,12.642582",0,17,123
1784004431,2026-07-14T04:47:11Z,SWR8AD,"55.624699,12.643375",0,18,126
1784004438,2026-07-14T04:47:18Z,SWR8AD,"55.624374,12.644127",0,14,129
1784004440,2026-07-14T04:47:20Z,SWR8AD,"55.62426,12.644327",0,14,135
1784004445,2026-07-14T04:47:25Z,SWR8AD,"55.62402,12.644515",0,14,157
1784004448,2026-07-14T04:47:28Z,SWR8AD,"55.623814,12.644534",0,15,177
1784004451,2026-07-14T04:47:31Z,SWR8AD,"55.623604,12.644426",0,15,196
1784004455,2026-07-14T04:47:35Z,SWR8AD,"55.623322,12.644244",0,15,199
1784004458,2026-07-14T04:47:38Z,SWR8AD,"55.623104,12.644119",0,16,196
1784004461,2026-07-14T04:47:41Z,SWR8AD,"55.622849,12.643997",0,16,194
1784004465,2026-07-14T04:47:45Z,SWR8AD,"55.622593,12.64389",0,17,194
1784004468,2026-07-14T04:47:48Z,SWR8AD,"55.622383,12.643762",0,17,196
1784004471,2026-07-14T04:47:51Z,SWR8AD,"55.622131,12.643579",0,18,202
1784004473,2026-07-14T04:47:53Z,SWR8AD,"55.621918,12.643396",0,18,205
1784004477,2026-07-14T04:47:57Z,SWR8AD,"55.621685,12.643204",0,19,205
1784004480,2026-07-14T04:48:00Z,SWR8AD,"55.621441,12.643011",0,19,205
1784004482,2026-07-14T04:48:02Z,SWR8AD,"55.621231,12.642839",0,20,205
1784004486,2026-07-14T04:48:06Z,SWR8AD,"55.620884,12.642538",0,19,205
1784004493,2026-07-14T04:48:13Z,SWR8AD,"55.620426,12.642163",0,12,205
1784004501,2026-07-14T04:48:21Z,SWR8AD,"55.620079,12.641873",0,11,205
1784004508,2026-07-14T04:48:28Z,SWR8AD,"55.619778,12.641616",0,11,205
1784004514,2026-07-14T04:48:34Z,SWR8AD,"55.619465,12.641352",0,11,205
1784004521,2026-07-14T04:48:41Z,SWR8AD,"55.619144,12.641082",0,12,205
1784004529,2026-07-14T04:48:49Z,SWR8AD,"55.618786,12.640779",0,9,205
1784004535,2026-07-14T04:48:55Z,SWR8AD,"55.618553,12.640694",0,8,191
1784004540,2026-07-14T04:49:00Z,SWR8AD,"55.618343,12.640707",0,9,180
1784004546,2026-07-14T04:49:06Z,SWR8AD,"55.618088,12.640736",0,10,177
1784004552,2026-07-14T04:49:12Z,SWR8AD,"55.617855,12.640758",0,8,177
1784004560,2026-07-14T04:49:20Z,SWR8AD,"55.617634,12.64079",0,4,177
1784004674,2026-07-14T04:51:14Z,SWR8AD,"55.617413,12.640821",0,3,174
1784004685,2026-07-14T04:51:25Z,SWR8AD,"55.617203,12.640843",0,6,177
1784004691,2026-07-14T04:51:31Z,SWR8AD,"55.616993,12.640865",0,7,177
1784004699,2026-07-14T04:51:39Z,SWR8AD,"55.616726,12.640907",0,8,174
1784004705,2026-07-14T04:51:45Z,SWR8AD,"55.616512,12.640915",0,7,177
1784004713,2026-07-14T04:51:53Z,SWR8AD,"55.616295,12.640821",0,7,196
1784004722,2026-07-14T04:52:02Z,SWR8AD,"55.616169,12.640608",0,1,219
1784004752,2026-07-14T04:52:32Z,SWR8AD,"55.61602,12.640395",0,11,219
1784004758,2026-07-14T04:52:38Z,SWR8AD,"55.615368,12.639375",0,40,219
1784004765,2026-07-14T04:52:45Z,SWR8AD,"55.61377,12.636895",0,78,222
1784004773,2026-07-14T04:52:53Z,SWR8AD,"55.610962,12.632613",0,113,221
1784004782,2026-07-14T04:53:02Z,SWR8AD,"55.607254,12.626786",0,142,221
1784004788,2026-07-14T04:53:08Z,SWR8AD,"55.603775,12.621377",0,160,220
1784004792,2026-07-14T04:53:12Z,SWR8AD,"55.601341,12.617626",0,158,221
1784004795,2026-07-14T04:53:15Z,SWR8AD,"55.599945,12.615566",50,156,221
1784004797,2026-07-14T04:53:17Z,SWR8AD,"55.59906,12.614136",125,154,221
1784004799,2026-07-14T04:53:19Z,SWR8AD,"55.597897,12.612305",225,154,221
1784004805,2026-07-14T04:53:25Z,SWR8AD,"55.594498,12.606983",525,151,221
1784004813,2026-07-14T04:53:33Z,SWR8AD,"55.590355,12.60046",875,150,221
1784004822,2026-07-14T04:53:42Z,SWR8AD,"55.585739,12.593246",1125,158,221
1784004828,2026-07-14T04:53:48Z,SWR8AD,"55.582256,12.587843",1275,165,221
1784004836,2026-07-14T04:53:56Z,SWR8AD,"55.577366,12.58029",1500,177,220
1784004845,2026-07-14T04:54:05Z,SWR8AD,"55.571968,12.572136",1700,190,220
1784004851,2026-07-14T04:54:11Z,SWR8AD,"55.567406,12.565269",1850,202,220
1784004859,2026-07-14T04:54:19Z,SWR8AD,"55.561249,12.556375",2050,219,217
1784004863,2026-07-14T04:54:23Z,SWR8AD,"55.557632,12.55163",2150,228,215
1784004865,2026-07-14T04:54:25Z,SWR8AD,"55.55571,12.549216",2225,233,215
1784004868,2026-07-14T04:54:28Z,SWR8AD,"55.553833,12.546969",2300,236,214
1784004870,2026-07-14T04:54:30Z,SWR8AD,"55.55191,12.544639",2375,240,214
1784004872,2026-07-14T04:54:32Z,SWR8AD,"55.549946,12.542267",2450,245,214
1784004874,2026-07-14T04:54:34Z,SWR8AD,"55.54818,12.540121",2500,248,214
1784004876,2026-07-14T04:54:36Z,SWR8AD,"55.546051,12.537564",2600,251,213
1784004878,2026-07-14T04:54:38Z,SWR8AD,"55.543804,12.534971",2700,254,213
1784004880,2026-07-14T04:54:40Z,SWR8AD,"55.541756,12.532482",2800,258,213
1784004882,2026-07-14T04:54:42Z,SWR8AD,"55.539551,12.529907",2900,259,213
1784004885,2026-07-14T04:54:45Z,SWR8AD,"55.537537,12.527576",3000,262,213
1784004887,2026-07-14T04:54:47Z,SWR8AD,"55.535385,12.52508",3100,264,213
1784004893,2026-07-14T04:54:53Z,SWR8AD,"55.529091,12.517633",3425,269,213
1784004901,2026-07-14T04:55:01Z,SWR8AD,"55.520386,12.507076",3950,273,215
1784004910,2026-07-14T04:55:10Z,SWR8AD,"55.511719,12.495866",4550,274,216
1784004916,2026-07-14T04:55:16Z,SWR8AD,"55.505257,12.487593",5025,274,215
1784004931,2026-07-14T04:55:31Z,SWR8AD,"55.490158,12.468234",6050,276,216
1784004943,2026-07-14T04:55:43Z,SWR8AD,"55.47728,12.451544",6750,284,216
1784004958,2026-07-14T04:55:58Z,SWR8AD,"55.461044,12.430614",7575,294,215
1784004970,2026-07-14T04:56:10Z,SWR8AD,"55.447113,12.412748",8350,297,216
1784004983,2026-07-14T04:56:23Z,SWR8AD,"55.43367,12.395648",9175,296,215
1784004998,2026-07-14T04:56:38Z,SWR8AD,"55.417179,12.374767",10025,304,215
1784005010,2026-07-14T04:56:50Z,SWR8AD,"55.402424,12.356124",10550,317,215
1784005025,2026-07-14T04:57:05Z,SWR8AD,"55.383617,12.336564",10875,339,206
1784005027,2026-07-14T04:57:07Z,SWR8AD,"55.379608,12.333203",10950,344,205
1784005029,2026-07-14T04:57:09Z,SWR8AD,"55.376728,12.330822",10975,346,205
1784005031,2026-07-14T04:57:11Z,SWR8AD,"55.373653,12.328324",11025,349,204
1784005033,2026-07-14T04:57:13Z,SWR8AD,"55.37114,12.326256",11075,352,204
1784005035,2026-07-14T04:57:15Z,SWR8AD,"55.367882,12.323664",11150,354,204
1784005037,2026-07-14T04:57:17Z,SWR8AD,"55.364914,12.321248",11225,356,204
1784005039,2026-07-14T04:57:19Z,SWR8AD,"55.361736,12.31867",11300,357,204
1784005041,2026-07-14T04:57:21Z,SWR8AD,"55.358292,12.315924",11400,358,204
1784005054,2026-07-14T04:57:34Z,SWR8AD,"55.339233,12.300649",12175,360,204
1784005086,2026-07-14T04:58:06Z,SWR8AD,"55.291443,12.261954",13925,369,204
1784005117,2026-07-14T04:58:37Z,SWR8AD,"55.241318,12.221401",15525,379,204
1784005149,2026-07-14T04:59:09Z,SWR8AD,"55.191101,12.18101",17075,389,204
1784005181,2026-07-14T04:59:41Z,SWR8AD,"55.138229,12.1386",18725,394,204
1784005212,2026-07-14T05:00:12Z,SWR8AD,"55.084946,12.095947",20175,401,204
1784005244,2026-07-14T05:00:44Z,SWR8AD,"55.030331,12.052335",21450,411,204
1784005276,2026-07-14T05:01:16Z,SWR8AD,"54.975677,12.008805",22925,414,204
1784005308,2026-07-14T05:01:48Z,SWR8AD,"54.920143,11.964694",24025,423,204
1784005340,2026-07-14T05:02:20Z,SWR8AD,"54.862278,11.918918",25125,431,204
1784005371,2026-07-14T05:02:51Z,SWR8AD,"54.805801,11.874363",26250,436,204
1784005403,2026-07-14T05:03:23Z,SWR8AD,"54.74762,11.82853",27175,444,204
1784005434,2026-07-14T05:03:54Z,SWR8AD,"54.688156,11.781787",28025,451,204
1784005466,2026-07-14T05:04:26Z,SWR8AD,"54.628262,11.73498",28850,457,204
1784005497,2026-07-14T05:04:57Z,SWR8AD,"54.567135,11.687455",29700,458,204
1784005528,2026-07-14T05:05:28Z,SWR8AD,"54.507568,11.641227",30675,458,204
1784005560,2026-07-14T05:06:00Z,SWR8AD,"54.446228,11.593727",31525,458,204
1784005591,2026-07-14T05:06:31Z,SWR8AD,"54.386627,11.5476",32300,460,204
1784005622,2026-07-14T05:07:02Z,SWR8AD,"54.325623,11.500772",33100,460,204
1784005655,2026-07-14T05:07:35Z,SWR8AD,"54.262665,11.45262",33850,460,204
1784005686,2026-07-14T05:08:06Z,SWR8AD,"54.202305,11.406313",34625,457,204
1784005718,2026-07-14T05:08:38Z,SWR8AD,"54.142208,11.360671",35650,445,204
1784005750,2026-07-14T05:09:10Z,SWR8AD,"54.082581,11.315447",36225,446,204
1784005780,2026-07-14T05:09:40Z,SWR8AD,"54.02499,11.271811",36475,450,204
1784005811,2026-07-14T05:10:11Z,SWR8AD,"53.965588,11.226977",36825,450,203
1784005843,2026-07-14T05:10:43Z,SWR8AD,"53.905582,11.181901",37000,452,203
1784005874,2026-07-14T05:11:14Z,SWR8AD,"53.845917,11.137312",37000,449,203
1784005906,2026-07-14T05:11:46Z,SWR8AD,"53.786133,11.092424",37000,446,203
1784005938,2026-07-14T05:12:18Z,SWR8AD,"53.725479,11.04738",37000,450,203
1784005970,2026-07-14T05:12:50Z,SWR8AD,"53.664162,11.001839",37000,454,203
1784006002,2026-07-14T05:13:22Z,SWR8AD,"53.602982,10.956587",37025,458,203
1784006034,2026-07-14T05:13:54Z,SWR8AD,"53.540359,10.910365",37050,462,203
1784006066,2026-07-14T05:14:26Z,SWR8AD,"53.478012,10.864615",37050,462,203
1784006097,2026-07-14T05:14:57Z,SWR8AD,"53.417622,10.820321",37000,454,203
1784006129,2026-07-14T05:15:29Z,SWR8AD,"53.355988,10.775246",37000,454,203
1784006161,2026-07-14T05:16:01Z,SWR8AD,"53.296143,10.731681",37000,452,203
1784006193,2026-07-14T05:16:33Z,SWR8AD,"53.234344,10.686637",37000,450,203
1784006224,2026-07-14T05:17:04Z,SWR8AD,"53.173828,10.64656",37000,454,200
1784006256,2026-07-14T05:17:36Z,SWR8AD,"53.110016,10.607064",37025,456,200
1784006289,2026-07-14T05:18:09Z,SWR8AD,"53.046555,10.567671",37050,458,200
1784006320,2026-07-14T05:18:40Z,SWR8AD,"52.98394,10.528983",37050,460,200
1784006352,2026-07-14T05:19:12Z,SWR8AD,"52.919632,10.489502",37000,460,200
1784006384,2026-07-14T05:19:44Z,SWR8AD,"52.85701,10.45105",37000,458,200
1784006417,2026-07-14T05:20:17Z,SWR8AD,"52.792053,10.411351",37025,456,200
1784006449,2026-07-14T05:20:49Z,SWR8AD,"52.729065,10.372925",37000,454,200
1784006480,2026-07-14T05:21:20Z,SWR8AD,"52.666718,10.335159",36975,452,200
1784006512,2026-07-14T05:21:52Z,SWR8AD,"52.605751,10.298035",36950,451,200
1784006543,2026-07-14T05:22:23Z,SWR8AD,"52.544117,10.260681",36950,451,200
1784006575,2026-07-14T05:22:55Z,SWR8AD,"52.482971,10.223923",37025,450,200
1784006607,2026-07-14T05:23:27Z,SWR8AD,"52.419388,10.185928",37050,450,199
1784006639,2026-07-14T05:23:59Z,SWR8AD,"52.358002,10.14946",37050,446,200
1784006670,2026-07-14T05:24:30Z,SWR8AD,"52.297112,10.113072",37025,438,200
1784006702,2026-07-14T05:25:02Z,SWR8AD,"52.238159,10.077591",37000,434,200
1784006734,2026-07-14T05:25:34Z,SWR8AD,"52.177425,10.041818",37000,439,199
1784006765,2026-07-14T05:26:05Z,SWR8AD,"52.117859,10.006866",37000,439,199
1784006797,2026-07-14T05:26:37Z,SWR8AD,"52.056946,9.971113",37000,442,199
1784006829,2026-07-14T05:27:09Z,SWR8AD,"51.995453,9.934701",37025,443,200
1784006860,2026-07-14T05:27:40Z,SWR8AD,"51.935211,9.900487",37025,448,197
1784006892,2026-07-14T05:28:12Z,SWR8AD,"51.870552,9.872742",37025,448,194
1784006924,2026-07-14T05:28:44Z,SWR8AD,"51.80864,9.846497",37025,449,194
1784006955,2026-07-14T05:29:15Z,SWR8AD,"51.744301,9.819717",37050,448,194
1784006987,2026-07-14T05:29:47Z,SWR8AD,"51.681271,9.793625",37025,448,194
1784007018,2026-07-14T05:30:18Z,SWR8AD,"51.61908,9.767736",37000,446,194
1784007050,2026-07-14T05:30:50Z,SWR8AD,"51.554276,9.741135",37000,445,194
1784007082,2026-07-14T05:31:22Z,SWR8AD,"51.492188,9.715551",37000,445,194
1784007113,2026-07-14T05:31:53Z,SWR8AD,"51.430252,9.690165",36975,443,194
1784007144,2026-07-14T05:32:24Z,SWR8AD,"51.368484,9.664841",37000,442,194
1784007175,2026-07-14T05:32:55Z,SWR8AD,"51.306664,9.63974",37000,447,194
1784007207,2026-07-14T05:33:27Z,SWR8AD,"51.242294,9.613408",37000,454,194
1784007238,2026-07-14T05:33:58Z,SWR8AD,"51.178757,9.587649",37000,454,194
1784007270,2026-07-14T05:34:30Z,SWR8AD,"51.115055,9.561768",37000,452,194
1784007301,2026-07-14T05:35:01Z,SWR8AD,"51.05151,9.535904",37000,449,194
1784007333,2026-07-14T05:35:33Z,SWR8AD,"50.987827,9.510269",36975,445,194
1784007365,2026-07-14T05:36:05Z,SWR8AD,"50.925076,9.485016",36975,442,194
1784007396,2026-07-14T05:36:36Z,SWR8AD,"50.862717,9.45997",36975,438,194
1784007428,2026-07-14T05:37:08Z,SWR8AD,"50.801434,9.435425",36950,436,194
1784007459,2026-07-14T05:37:39Z,SWR8AD,"50.740448,9.411052",36975,438,194
1784007490,2026-07-14T05:38:10Z,SWR8AD,"50.678879,9.386703",37000,431,194
1784007522,2026-07-14T05:38:42Z,SWR8AD,"50.618717,9.362727",37000,428,194
1784007553,2026-07-14T05:39:13Z,SWR8AD,"50.559269,9.339344",37000,428,194
1784007584,2026-07-14T05:39:44Z,SWR8AD,"50.499447,9.315738",37000,427,194
1784007615,2026-07-14T05:40:15Z,SWR8AD,"50.439056,9.292121",36975,425,194
1784007647,2026-07-14T05:40:47Z,SWR8AD,"50.379902,9.268824",37000,423,194
1784007678,2026-07-14T05:41:18Z,SWR8AD,"50.320953,9.24579",36975,422,193
1784007709,2026-07-14T05:41:49Z,SWR8AD,"50.261993,9.222878",36975,420,193
1784007740,2026-07-14T05:42:20Z,SWR8AD,"50.203674,9.20011",37000,419,194
1784007771,2026-07-14T05:42:51Z,SWR8AD,"50.145401,9.177487",37000,418,193
1784007802,2026-07-14T05:43:22Z,SWR8AD,"50.088112,9.155249",37000,416,193
1784007833,2026-07-14T05:43:53Z,SWR8AD,"50.02977,9.132674",36700,414,193
1784007864,2026-07-14T05:44:24Z,SWR8AD,"49.972477,9.110561",36200,410,193
1784007896,2026-07-14T05:44:56Z,SWR8AD,"49.913868,9.087995",35675,415,193
1784007929,2026-07-14T05:45:29Z,SWR8AD,"49.852654,9.064463",35100,416,193
1784007960,2026-07-14T05:46:00Z,SWR8AD,"49.79425,9.042182",34550,414,193
1784007992,2026-07-14T05:46:32Z,SWR8AD,"49.735573,9.01985",34050,400,193
1784008023,2026-07-14T05:47:03Z,SWR8AD,"49.679443,8.998453",34000,412,193
1784008053,2026-07-14T05:47:33Z,SWR8AD,"49.623093,8.980528",34000,412,190
1784008084,2026-07-14T05:48:04Z,SWR8AD,"49.564308,8.960316",34000,406,198
1784008095,2026-07-14T05:48:15Z,SWR8AD,"49.546524,8.950591",34000,404,200
1784008126,2026-07-14T05:48:46Z,SWR8AD,"49.491638,8.918968",34000,402,200
1784008158,2026-07-14T05:49:18Z,SWR8AD,"49.435871,8.8869",33950,401,200
1784008189,2026-07-14T05:49:49Z,SWR8AD,"49.381916,8.856137",33225,396,200
1784008221,2026-07-14T05:50:21Z,SWR8AD,"49.328846,8.825925",32450,384,200
1784008252,2026-07-14T05:50:52Z,SWR8AD,"49.277733,8.794339",31625,369,205
1784008283,2026-07-14T05:51:23Z,SWR8AD,"49.230576,8.758995",30900,362,206
1784008315,2026-07-14T05:51:55Z,SWR8AD,"49.18396,8.724201",30100,359,207
1784008346,2026-07-14T05:52:26Z,SWR8AD,"49.139332,8.683753",29300,354,211
1784008377,2026-07-14T05:52:57Z,SWR8AD,"49.096828,8.641759",28500,355,213
1784008408,2026-07-14T05:53:28Z,SWR8AD,"49.055237,8.59983",27700,351,213
1784008440,2026-07-14T05:54:00Z,SWR8AD,"49.012299,8.556026",26925,352,214
1784008471,2026-07-14T05:54:31Z,SWR8AD,"48.969418,8.51173",26075,355,214
1784008504,2026-07-14T05:55:04Z,SWR8AD,"48.925842,8.466484",25350,352,214
1784008535,2026-07-14T05:55:35Z,SWR8AD,"48.883015,8.422466",25000,348,214
1784008567,2026-07-14T05:56:07Z,SWR8AD,"48.839355,8.38292",24475,348,208
1784008598,2026-07-14T05:56:38Z,SWR8AD,"48.794861,8.347567",23650,341,206
1784008630,2026-07-14T05:57:10Z,SWR8AD,"48.749504,8.313976",22900,344,206
1784008662,2026-07-14T05:57:42Z,SWR8AD,"48.70459,8.278621",22050,341,208
1784008694,2026-07-14T05:58:14Z,SWR8AD,"48.661148,8.242915",21250,334,208
1784008727,2026-07-14T05:58:47Z,SWR8AD,"48.617855,8.207654",20450,326,208
1784008758,2026-07-14T05:59:18Z,SWR8AD,"48.575352,8.173394",19375,329,208
1784008790,2026-07-14T05:59:50Z,SWR8AD,"48.532803,8.138629",18250,330,209
1784008821,2026-07-14T06:00:21Z,SWR8AD,"48.490265,8.105657",17075,335,199
1784008823,2026-07-14T06:00:23Z,SWR8AD,"48.487473,8.104319",17025,335,197
1784008825,2026-07-14T06:00:25Z,SWR8AD,"48.483597,8.102706",16925,335,194
1784008828,2026-07-14T06:00:28Z,SWR8AD,"48.480698,8.101783",16850,336,192
1784008830,2026-07-14T06:00:30Z,SWR8AD,"48.476532,8.100798",16775,337,188
1784008832,2026-07-14T06:00:32Z,SWR8AD,"48.47345,8.100321",16700,338,185
1784008834,2026-07-14T06:00:34Z,SWR8AD,"48.470444,8.100022",16650,339,182
1784008836,2026-07-14T06:00:36Z,SWR8AD,"48.467148,8.100022",16575,340,179
1784008838,2026-07-14T06:00:38Z,SWR8AD,"48.463997,8.100177",16525,340,176
1784008840,2026-07-14T06:00:40Z,SWR8AD,"48.46088,8.10061",16475,342,174
1784008842,2026-07-14T06:00:42Z,SWR8AD,"48.457123,8.101431",16400,343,171
1784008845,2026-07-14T06:00:45Z,SWR8AD,"48.454178,8.102345",16325,344,168
1784008847,2026-07-14T06:00:47Z,SWR8AD,"48.450314,8.103935",16250,346,163
1784008849,2026-07-14T06:00:49Z,SWR8AD,"48.447102,8.105525",16200,346,162
1784008851,2026-07-14T06:00:51Z,SWR8AD,"48.443985,8.107417",16150,347,159
1784008853,2026-07-14T06:00:53Z,SWR8AD,"48.441788,8.108896",16100,348,156
1784008855,2026-07-14T06:00:55Z,SWR8AD,"48.438023,8.111669",16025,348,153
1784008857,2026-07-14T06:00:57Z,SWR8AD,"48.435417,8.113692",16000,347,152
1784008859,2026-07-14T06:00:59Z,SWR8AD,"48.432037,8.116362",15950,348,152
1784008861,2026-07-14T06:01:01Z,SWR8AD,"48.429737,8.118174",15900,346,151
1784008864,2026-07-14T06:01:04Z,SWR8AD,"48.426384,8.12092",15850,346,151
1784008866,2026-07-14T06:01:06Z,SWR8AD,"48.423405,8.123305",15800,345,151
1784008868,2026-07-14T06:01:08Z,SWR8AD,"48.420193,8.125979",15725,344,151
1784008870,2026-07-14T06:01:10Z,SWR8AD,"48.41716,8.128474",15675,343,151
1784008872,2026-07-14T06:01:12Z,SWR8AD,"48.414368,8.130798",15625,342,151
1784008874,2026-07-14T06:01:14Z,SWR8AD,"48.411438,8.133193",15575,342,151
1784008876,2026-07-14T06:01:16Z,SWR8AD,"48.408554,8.135588",15525,341,151
1784008878,2026-07-14T06:01:18Z,SWR8AD,"48.40567,8.137978",15475,341,151
1784008910,2026-07-14T06:01:50Z,SWR8AD,"48.362793,8.172961",14675,332,151
1784008941,2026-07-14T06:02:21Z,SWR8AD,"48.321735,8.206571",13900,324,151
1784008972,2026-07-14T06:02:52Z,SWR8AD,"48.28091,8.239891",13350,314,151
1784009004,2026-07-14T06:03:24Z,SWR8AD,"48.240875,8.272416",13000,316,151
1784009036,2026-07-14T06:03:56Z,SWR8AD,"48.199116,8.306314",13000,318,151
1784009067,2026-07-14T06:04:27Z,SWR8AD,"48.158112,8.339996",13000,319,151
1784009099,2026-07-14T06:04:59Z,SWR8AD,"48.117737,8.37323",13000,320,151
1784009131,2026-07-14T06:05:31Z,SWR8AD,"48.075752,8.407429",13000,318,151
1784009163,2026-07-14T06:06:03Z,SWR8AD,"48.034508,8.43919",12675,317,154
1784009194,2026-07-14T06:06:34Z,SWR8AD,"47.992218,8.467644",11875,312,155
1784009207,2026-07-14T06:06:47Z,SWR8AD,"47.975647,8.478767",11575,312,155
1784009220,2026-07-14T06:07:00Z,SWR8AD,"47.958939,8.489891",11250,312,155
1784009234,2026-07-14T06:07:14Z,SWR8AD,"47.940052,8.502644",10875,310,155
1784009247,2026-07-14T06:07:27Z,SWR8AD,"47.923828,8.513786",10550,307,155
1784009261,2026-07-14T06:07:41Z,SWR8AD,"47.90514,8.526447",10175,304,155
1784009274,2026-07-14T06:07:54Z,SWR8AD,"47.888798,8.537363",10050,302,155
1784009289,2026-07-14T06:08:09Z,SWR8AD,"47.870319,8.549687",9975,306,155
1784009301,2026-07-14T06:08:21Z,SWR8AD,"47.853882,8.560684",9750,306,155
1784009314,2026-07-14T06:08:34Z,SWR8AD,"47.83736,8.57166",9425,301,156
1784009329,2026-07-14T06:08:49Z,SWR8AD,"47.818783,8.583703",9050,298,156
1784009341,2026-07-14T06:09:01Z,SWR8AD,"47.803116,8.593918",8750,295,156
1784009354,2026-07-14T06:09:14Z,SWR8AD,"47.787224,8.604197",8425,294,156
1784009367,2026-07-14T06:09:27Z,SWR8AD,"47.77121,8.614408",8125,294,156
1784009382,2026-07-14T06:09:42Z,SWR8AD,"47.752449,8.626169",7750,292,157
1784009394,2026-07-14T06:09:54Z,SWR8AD,"47.73727,8.635606",7450,290,157
1784009409,2026-07-14T06:10:09Z,SWR8AD,"47.719437,8.646927",7125,288,155
1784009421,2026-07-14T06:10:21Z,SWR8AD,"47.704498,8.658354",7025,286,150
1784009434,2026-07-14T06:10:34Z,SWR8AD,"47.690231,8.670822",7000,286,149
1784009448,2026-07-14T06:10:48Z,SWR8AD,"47.673542,8.685678",7000,286,149
1784009461,2026-07-14T06:11:01Z,SWR8AD,"47.65897,8.698284",7000,284,150
1784009475,2026-07-14T06:11:15Z,SWR8AD,"47.642395,8.71209",7000,287,149
1784009488,2026-07-14T06:11:28Z,SWR8AD,"47.628479,8.725046",7000,290,146
1784009502,2026-07-14T06:11:42Z,SWR8AD,"47.612324,8.741455",7000,291,145
1784009515,2026-07-14T06:11:55Z,SWR8AD,"47.59845,8.75576",7000,283,145
1784009529,2026-07-14T06:12:09Z,SWR8AD,"47.583557,8.771033",7000,265,145
1784009542,2026-07-14T06:12:22Z,SWR8AD,"47.572243,8.784204",6975,257,137
1784009544,2026-07-14T06:12:24Z,SWR8AD,"47.570103,8.787302",6975,258,135
1784009546,2026-07-14T06:12:26Z,SWR8AD,"47.568466,8.789886",6950,258,132
1784009548,2026-07-14T06:12:28Z,SWR8AD,"47.566936,8.792373",6925,258,132
1784009550,2026-07-14T06:12:30Z,SWR8AD,"47.565121,8.795401",6900,257,131
1784009552,2026-07-14T06:12:32Z,SWR8AD,"47.563522,8.798195",6850,258,130
1784009554,2026-07-14T06:12:34Z,SWR8AD,"47.561954,8.800894",6825,257,130
1784009556,2026-07-14T06:12:36Z,SWR8AD,"47.560371,8.803711",6800,258,129
1784009559,2026-07-14T06:12:39Z,SWR8AD,"47.558697,8.806739",6750,257,129
1784009561,2026-07-14T06:12:41Z,SWR8AD,"47.557255,8.809275",6725,256,129
1784009563,2026-07-14T06:12:43Z,SWR8AD,"47.555603,8.812271",6675,256,129
1784009565,2026-07-14T06:12:45Z,SWR8AD,"47.554047,8.815155",6650,256,129
1784009567,2026-07-14T06:12:47Z,SWR8AD,"47.552597,8.817725",6625,256,129
1784009569,2026-07-14T06:12:49Z,SWR8AD,"47.551018,8.820542",6575,256,129
1784009584,2026-07-14T06:13:04Z,SWR8AD,"47.539627,8.840973",6325,260,130
1784009598,2026-07-14T06:13:18Z,SWR8AD,"47.528275,8.860611",6000,263,130
1784009613,2026-07-14T06:13:33Z,SWR8AD,"47.516567,8.880404",5675,264,131
1784009627,2026-07-14T06:13:47Z,SWR8AD,"47.505161,8.899489",5350,264,131
1784009638,2026-07-14T06:13:58Z,SWR8AD,"47.495945,8.912518",5100,261,142
1784009640,2026-07-14T06:14:00Z,SWR8AD,"47.494034,8.914375",5075,260,146
1784009642,2026-07-14T06:14:02Z,SWR8AD,"47.491756,8.916321",5025,258,150
1784009644,2026-07-14T06:14:04Z,SWR8AD,"47.48941,8.918015",5000,256,156
1784009646,2026-07-14T06:14:06Z,SWR8AD,"47.487099,8.919349",4975,254,159
1784009648,2026-07-14T06:14:08Z,SWR8AD,"47.484539,8.920547",4950,251,163
1784009650,2026-07-14T06:14:10Z,SWR8AD,"47.481934,8.921391",4925,249,167
1784009653,2026-07-14T06:14:13Z,SWR8AD,"47.479797,8.921928",4925,246,171
1784009655,2026-07-14T06:14:15Z,SWR8AD,"47.477005,8.92234",4925,244,173
1784009657,2026-07-14T06:14:17Z,SWR8AD,"47.474991,8.922615",4925,240,176
1784009659,2026-07-14T06:14:19Z,SWR8AD,"47.472656,8.922821",4900,239,177
1784009661,2026-07-14T06:14:21Z,SWR8AD,"47.470016,8.922941",4900,238,177
1784009663,2026-07-14T06:14:23Z,SWR8AD,"47.467941,8.923027",4900,237,178
1784009665,2026-07-14T06:14:25Z,SWR8AD,"47.4655,8.923011",4900,237,180
1784009667,2026-07-14T06:14:27Z,SWR8AD,"47.46336,8.922871",4900,235,183
1784009670,2026-07-14T06:14:30Z,SWR8AD,"47.460846,8.922518",4900,234,186
1784009672,2026-07-14T06:14:32Z,SWR8AD,"47.458935,8.922026",4900,233,190
1784009674,2026-07-14T06:14:34Z,SWR8AD,"47.456749,8.92125",4900,233,194
1784009676,2026-07-14T06:14:36Z,SWR8AD,"47.454483,8.920143",4900,232,198
1784009678,2026-07-14T06:14:38Z,SWR8AD,"47.452515,8.918976",4900,232,204
1784009680,2026-07-14T06:14:40Z,SWR8AD,"47.450603,8.917518",4900,230,206
1784009682,2026-07-14T06:14:42Z,SWR8AD,"47.448742,8.915828",4900,226,214
1784009684,2026-07-14T06:14:44Z,SWR8AD,"47.446926,8.913715",4900,222,219
1784009686,2026-07-14T06:14:46Z,SWR8AD,"47.44553,8.911814",4900,218,225
1784009688,2026-07-14T06:14:48Z,SWR8AD,"47.443817,8.908882",4900,216,230
1784009690,2026-07-14T06:14:50Z,SWR8AD,"47.442734,8.906672",4900,212,234
1784009693,2026-07-14T06:14:53Z,SWR8AD,"47.441528,8.903732",4900,209,238
1784009695,2026-07-14T06:14:55Z,SWR8AD,"47.440781,8.901602",4900,208,242
1784009697,2026-07-14T06:14:57Z,SWR8AD,"47.439896,8.898785",4900,204,245
1784009699,2026-07-14T06:14:59Z,SWR8AD,"47.439194,8.896248",4900,203,247
1784009701,2026-07-14T06:15:01Z,SWR8AD,"47.438599,8.893845",4900,200,250
1784009703,2026-07-14T06:15:03Z,SWR8AD,"47.438141,8.89151",4900,198,253
1784009705,2026-07-14T06:15:05Z,SWR8AD,"47.437569,8.888081",4900,196,256
1784009707,2026-07-14T06:15:07Z,SWR8AD,"47.437225,8.885468",4900,195,260
1784009709,2026-07-14T06:15:09Z,SWR8AD,"47.436996,8.882858",4900,195,262
1784009711,2026-07-14T06:15:11Z,SWR8AD,"47.436775,8.880545",4900,196,264
1784009713,2026-07-14T06:15:13Z,SWR8AD,"47.436592,8.877234",4900,196,265
1784009715,2026-07-14T06:15:15Z,SWR8AD,"47.436497,8.874418",4900,196,266
1784009717,2026-07-14T06:15:17Z,SWR8AD,"47.436405,8.871812",4900,196,267
1784009719,2026-07-14T06:15:19Z,SWR8AD,"47.436356,8.869125",4900,196,267
1784009722,2026-07-14T06:15:22Z,SWR8AD,"47.436264,8.865761",4900,196,268
1784009724,2026-07-14T06:15:24Z,SWR8AD,"47.436264,8.863632",4900,195,269
1784009726,2026-07-14T06:15:26Z,SWR8AD,"47.436264,8.860886",4900,194,270
1784009728,2026-07-14T06:15:28Z,SWR8AD,"47.43631,8.858079",4900,193,270
1784009730,2026-07-14T06:15:30Z,SWR8AD,"47.436356,8.85553",4900,191,271
1784009732,2026-07-14T06:15:32Z,SWR8AD,"47.436447,8.852303",4900,189,272
1784009734,2026-07-14T06:15:34Z,SWR8AD,"47.436539,8.850037",4900,186,273
1784009736,2026-07-14T06:15:36Z,SWR8AD,"47.436638,8.846952",4900,185,273
1784009738,2026-07-14T06:15:38Z,SWR8AD,"47.436775,8.844346",4900,184,274
1784009740,2026-07-14T06:15:40Z,SWR8AD,"47.436905,8.841934",4900,184,274
1784009742,2026-07-14T06:15:42Z,SWR8AD,"47.436996,8.8396",4900,183,274
1784009745,2026-07-14T06:15:45Z,SWR8AD,"47.43718,8.83699",4900,183,275
1784009747,2026-07-14T06:15:47Z,SWR8AD,"47.437363,8.83445",4900,184,275
1784009749,2026-07-14T06:15:49Z,SWR8AD,"47.437546,8.83136",4900,182,276
1784009751,2026-07-14T06:15:51Z,SWR8AD,"47.437775,8.828819",4900,181,276
1784009753,2026-07-14T06:15:53Z,SWR8AD,"47.437943,8.826458",4900,181,276
1784009755,2026-07-14T06:15:55Z,SWR8AD,"47.438141,8.824013",4900,180,276
1784009757,2026-07-14T06:15:57Z,SWR8AD,"47.438313,8.82174",4900,179,276
1784009759,2026-07-14T06:15:59Z,SWR8AD,"47.438499,8.819416",4900,179,276
1784009768,2026-07-14T06:16:08Z,SWR8AD,"47.439384,8.808711",4850,181,276
1784009774,2026-07-14T06:16:14Z,SWR8AD,"47.439972,8.800941",4750,181,276
1784009782,2026-07-14T06:16:22Z,SWR8AD,"47.440689,8.790752",4625,178,275
1784009791,2026-07-14T06:16:31Z,SWR8AD,"47.441433,8.780682",4475,180,276
1784009797,2026-07-14T06:16:37Z,SWR8AD,"47.44194,8.773201",4350,180,276
1784009805,2026-07-14T06:16:45Z,SWR8AD,"47.442688,8.762653",4175,180,275
1784009814,2026-07-14T06:16:54Z,SWR8AD,"47.443481,8.751948",4000,182,276
1784009822,2026-07-14T06:17:02Z,SWR8AD,"47.444271,8.741033",3850,181,276
1784009829,2026-07-14T06:17:09Z,SWR8AD,"47.444824,8.733307",3725,179,275
1784009837,2026-07-14T06:17:17Z,SWR8AD,"47.445557,8.723488",3575,178,276
1784009841,2026-07-14T06:17:21Z,SWR8AD,"47.4459,8.718144",3500,178,275
1784009848,2026-07-14T06:17:28Z,SWR8AD,"47.446472,8.710579",3400,176,276
1784009850,2026-07-14T06:17:30Z,SWR8AD,"47.446598,8.708355",3350,175,276
1784009856,2026-07-14T06:17:36Z,SWR8AD,"47.447205,8.700966",3250,170,276
1784009865,2026-07-14T06:17:45Z,SWR8AD,"47.447891,8.691284",3125,166,276
1784009873,2026-07-14T06:17:53Z,SWR8AD,"47.448555,8.682158",2950,162,276
1784009881,2026-07-14T06:18:01Z,SWR8AD,"47.449265,8.672676",2800,158,276
1784009888,2026-07-14T06:18:08Z,SWR8AD,"47.449718,8.666241",2725,154,276
1784009896,2026-07-14T06:18:16Z,SWR8AD,"47.450363,8.657227",2600,151,275
1784009904,2026-07-14T06:18:24Z,SWR8AD,"47.450958,8.648781",2475,151,276
1784009913,2026-07-14T06:18:33Z,SWR8AD,"47.451599,8.640266",2375,151,276
1784009921,2026-07-14T06:18:41Z,SWR8AD,"47.452232,8.631662",2250,149,275
1784009929,2026-07-14T06:18:49Z,SWR8AD,"47.452789,8.623281",2125,147,275
1784009938,2026-07-14T06:18:58Z,SWR8AD,"47.453396,8.614831",1975,146,276
1784009944,2026-07-14T06:19:04Z,SWR8AD,"47.453815,8.608915",1900,145,276
1784009952,2026-07-14T06:19:12Z,SWR8AD,"47.454437,8.600441",1800,148,276
1784009960,2026-07-14T06:19:20Z,SWR8AD,"47.45507,8.592012",1675,151,276
1784009969,2026-07-14T06:19:29Z,SWR8AD,"47.455631,8.584196",1550,152,276
1784009975,2026-07-14T06:19:35Z,SWR8AD,"47.456142,8.577224",1450,153,276
1784009988,2026-07-14T06:19:48Z,SWR8AD,"47.457138,8.563019",1250,152,276
1784010001,2026-07-14T06:20:01Z,SWR8AD,"47.457859,8.552874",0,84,275
1784010010,2026-07-14T06:20:10Z,SWR8AD,"47.458088,8.549564",0,31,275
1784010029,2026-07-14T06:20:29Z,SWR8AD,"47.456852,8.548948",0,20,151
1784010036,2026-07-14T06:20:36Z,SWR8AD,"47.456223,8.549406",0,0,154
1784010040,2026-07-14T06:20:40Z,SWR8AD,"47.455936,8.549595",0,17,154
1784010045,2026-07-14T06:20:45Z,SWR8AD,"47.455608,8.549829",0,15,154
1784010055,2026-07-14T06:20:55Z,SWR8AD,"47.455112,8.550161",0,8,154
1784010067,2026-07-14T06:21:07Z,SWR8AD,"47.454872,8.550333",0,5,154
1784010076,2026-07-14T06:21:16Z,SWR8AD,"47.4547,8.55055",0,6,137
1784010086,2026-07-14T06:21:26Z,SWR8AD,"47.454502,8.550938",0,8,126
1784010090,2026-07-14T06:21:30Z,SWR8AD,"47.454426,8.55114",0,8,120
1784010094,2026-07-14T06:21:34Z,SWR8AD,"47.45435,8.55136",0,9,118
1784010098,2026-07-14T06:21:38Z,SWR8AD,"47.454277,8.551569",0,9,115
1784010102,2026-07-14T06:21:42Z,SWR8AD,"47.45422,8.551775",0,10,115
1784010105,2026-07-14T06:21:45Z,SWR8AD,"47.454128,8.551993",0,10,118
1784010110,2026-07-14T06:21:50Z,SWR8AD,"47.45406,8.552205",0,10,118
1784010113,2026-07-14T06:21:53Z,SWR8AD,"47.453957,8.552462",0,10,118
1784010120,2026-07-14T06:22:00Z,SWR8AD,"47.453808,8.552874",0,11,118
1784010123,2026-07-14T06:22:03Z,SWR8AD,"47.453739,8.553097",0,12,112
1784010126,2026-07-14T06:22:06Z,SWR8AD,"47.453773,8.553354",0,12,84
1784010129,2026-07-14T06:22:09Z,SWR8AD,"47.453888,8.55356",0,12,53
1784010135,2026-07-14T06:22:15Z,SWR8AD,"47.454163,8.553766",0,12,28
1784010139,2026-07-14T06:22:19Z,SWR8AD,"47.45438,8.553921",0,13,25
1784010148,2026-07-14T06:22:28Z,SWR8AD,"47.454861,8.554264",0,13,25
1784010149,2026-07-14T06:22:29Z,SWR8AD,"47.454918,8.554316",0,13,25
1784010155,2026-07-14T06:22:35Z,SWR8AD,"47.455166,8.554529",0,12,36
1784010160,2026-07-14T06:22:40Z,SWR8AD,"47.45525,8.554762",0,12,56
1784010161,2026-07-14T06:22:41Z,SWR8AD,"47.455269,8.555022",0,10,81
1784010165,2026-07-14T06:22:45Z,SWR8AD,"47.455238,8.555311",0,9,92
1784010173,2026-07-14T06:22:53Z,SWR8AD,"47.455166,8.555744",0,8,112
1784010183,2026-07-14T06:23:03Z,SWR8AD,"47.454815,8.555779",0,7,182
1784010194,2026-07-14T06:23:14Z,SWR8AD,"47.454552,8.55574",0,5,185
1784010216,2026-07-14T06:23:36Z,SWR8AD,"47.454327,8.555691",0,1,185
